Однокімнатна квартира в центрі міста|Компактна однокімнатна квартира в самому центрі міста. Ідеально підходить для однієї людини або пари. Поруч кафе, театри та зупинки громадського транспорту.|35000|вул. В'язів, 789, кв. 2, Запоріжжя|Лерой Інгрем|../../../assets/images/real-estate-pictures/Однокімнатна квартира в центрі міста.jpg
Заміський будинок для сім'ї з дітьми|Чарівний будинок з трьома спальнями в сімейному районі. Має задній двір для ігор дітей, простору вітальню та легкий доступ до шкіл і парків.|180000|провулок Дубовий, 101, Запоріжжя|Ліда Болдуін|../../../assets/images/real-estate-pictures/Заміський будинок для сім'ї з дітьми.jpg
Сучасний дуплекс біля технопарку|Сучасний двоповерховий дуплекс біля технопарку. Відкрите планування, високоякісне оздоблення та власний задній двір. Зручно для технологічних фахівців.|210000|пр-т. Технологічний, 333, Запоріжжя|Шон Болл|../../../assets/images/real-estate-pictures/Сучасний дуплекс біля технопарку.jpg
Історичний таунхаус в центрі|Історичний таунхаус з унікальними архітектурними деталями. Чотири спальні, внутрішнє подвір'я з садом і відчуття чарівності старого світу. За декілька кроків від історичного центру міста.|175000|вул. Героїв Майдану, 567, Запоріжжя|Боббі Джеймс|../../../assets/images/real-estate-pictures/Історичний таунхаус в центрі.jpg
Заміський будиночок із земельною ділянкою|Просторий заміський будинок з великою територією. Ідеально підходить для тих, хто шукає спокійний сільський спосіб життя. Включає сарай, фруктовий сад і багато відкритого простору.|320000|провулок Парковий, 777, Запоріжжя|Ада Бауерс|../../../assets/images/real-estate-pictures/Заміський будиночок із земельною ділянкою.jpg
Простора квартира з видом на Дніпро|Трьохкімнатна квартира з прекрасним видом на річку Дніпро. Повністю мебльована та обладнана сучасною побутовою технікою. Зручне розташування біля парку та набережної.|145000|вул. Річкова, 456, Запоріжжя|Ліда Родрігес|../../../assets/images/real-estate-pictures/Простора квартира з видом на Дніпро.jpg
Компактний офіс в бізнес-центрі|Невеликий офіс в сучасному бізнес-центрі. Ідеальний для стартапів та малих компаній. Зручна локація поруч із ресторанами та транспортом.|55000|пр-т. Бізнесовий, 123, офіс 7, Запоріжжя|Белль Х'юстон|../../../assets/images/real-estate-pictures/Компактний офіс в бізнес-центрі.jpg
Сімейний будинок з басейном|Просторий п'ятикімнатний будинок з басейном та ландшафтним дизайном. Ідеальний для родини з дітьми. Розкішний інтер'єр та великий двір.|320000|вул. Сонячна, 777, Запоріжжя|Вірджинія Берд|../../../assets/images/real-estate-pictures/Сімейний будинок з басейном.jpg
Особняк у старовинному стилі|Величний особняк у старовинному стилі з великим подвір'ям. Шість спалень, зручності для розкішного життя та розташування в історичному районі міста.|490000|провулок Старовинний, 987, Запоріжжя|Шейн Хейнс|../../../assets/images/real-estate-pictures/Особняк у старовинному стилі.jpg
Модерні апартаменти у бізнес-центрі|Сучасні апартаменти в новому бізнес-центрі. Великий балкон з видом на місто, парковка та зручна інфраструктура. Ідеально для бізнес-подорожей.|85000|пр-т. Модерністський, 555, офіс 12, Запоріжжя|Ада Осборн|../../../assets/images/real-estate-pictures/Модерні апартаменти у бізнес-центрі.jpg
Лісовий котедж з власним ставком|Просторий котедж на віддаленому ділянці біля лісу. Включає великий ставок для риболовлі та човновий дім. Відмінний варіант для любителів природи.|280000|вул. Лісова, 333, Запоріжжя|Джеффрі Вотсон|../../../assets/images/real-estate-pictures/Лісовий котедж з власним ставком.jpg
Багатоквартирний комплекс біля метро|Сучасний багатоквартирний комплекс зі всіма зручностями поруч станції метро. Включає підземний паркінг, фітнес-центр, дитячий майданчик та крамниці.|255000|проспект Метро, 25, Запоріжжя|Майкл Дуглас|../../../assets/images/real-estate-pictures/Багатоквартирний комплекс біля метро.jpg
Лофт в індустріальному стилі|Просторий лофт з високими стелями та цегляними стінами в індустріальному стилі. Відкрите планування, великі вікна та сучасний дизайн інтер'єру.|195000|вул. Фабрична, 112, Запоріжжя|Емма Стоун|../../../assets/images/real-estate-pictures/Лофт в індустріальному стилі.jpg
Студія в новобудові|Сучасна студія в новобудові з відмінним ремонтом. Ідеально підходить для молодої пари або студента.|40000|вул. Студентська, 123, Запоріжжя|Олександр Сміт|../../../assets/images/real-estate-pictures/Студія в новобудові.jpg
Котедж в горах|Просторий котедж в горах з панорамним видом. Ідеально для любителів активного відпочинку та гірського туризму.|200000|вул. Гірська, 456, Запоріжжя|Ірина Шевченко|../../../assets/images/real-estate-pictures/Котедж в горах.jpg
Офіс в бізнес-центрі|Просторий офіс в сучасному бізнес-центрі. Ідеально підходить для IT-компанії або стартапу.|70000|пр-т. IT, 789, офіс 13, Запоріжжя|Максим Петров|../../../assets/images/real-estate-pictures/Офіс в бізнес-центрі.jpg
Двокімнатна квартира в спальному районі|Затишна двокімнатна квартира в спальному районі. Поруч школа, садок та супермаркет.|50000|вул. Спальна, 321, Запоріжжя|Анна Коваленко|../../../assets/images/real-estate-pictures/Двокімнатна квартира в спальному районі.jpg
Вілла на березі моря|Розкішна вілла на березі моря з власним пляжем. Ідеально для відпочинку влітку.|500000|вул. Морська, 654, Запоріжжя|Юрій Лисенко|../../../assets/images/real-estate-pictures/Вілла на березі моря.jpg
Пентхаус з терасою|Елегантний пентхаус з терасою на даху. Вид на річку, камін, джакузі та сауна. Ідеально для романтичного вечора.|350000|вул. Річкова, 777, Запоріжжя|Лариса Іванова|../../../assets/images/real-estate-pictures/Пентхаус з терасою.jpg
Садиба в селі|Затишна садиба в селі з великим садом. Включає гараж, альтанку, гойдалку та барбекю. Відмінний варіант для сімейного відпочинку.|150000|вул. Садова, 123, Запоріжжя|Олег Кравчук|../../../assets/images/real-estate-pictures/Садиба в селі.jpg
Міні-готель біля парку|Модний міні-готель біля парку з чотирма номерами. Включає ресторан, бар, лобі та конференц-зал. Ідеально для малого бізнесу.|400000|вул. Паркова, 456, Запоріжжя|Євген Сидоренко|../../../assets/images/real-estate-pictures/Міні-готель біля парку.jpg
Однокімнатна квартира в центрі|Стильна однокімнатна квартира в центрі міста. Поруч театр, музей та кафе. Включає кондиціонер, Wi-Fi та пральну машину.|60000|вул. Центральна, 234, Запоріжжя|Валерія Костенко|../../../assets/images/real-estate-pictures/Однокімнатна квартира в центрі.jpg
Дача на острові|Приватна дача на острові з видом на море. Включає човен, каяки та риболовне спорядження. Ідеально для пригодників.|300000|вул. Острівна, 789, Запоріжжя|Сергій Мельник|../../../assets/images/real-estate-pictures/Дача на острові.jpg
name|description description description description description description description description description description description description description description description description description |9671530|address, address address, address|developer|../../../assets/images/real-estate-pictures/name.jpg
